"","EXPERIENCE","PTS","TW_FOLLOWERS","MPG","STPG","RPG","APG","intercept","YEAR","PLAYER","TARGET","PREDICTION","E","quantile_rank","decile_rank"
"1",-1020407.59558735,-617391.944650088,-868890.516887229,-1144263.63197232,3514.13194114928,-457164.768540127,98737.1709238961,5700408.02988906,2014,"Aaron Brooks",884293,1694540.875117,-810247.875117,1,1
"2",-187098.709093353,-623565.640630942,-948119.805702273,-787064.261839088,59143.3312867743,-474154.415881023,35092.8691778435,5700408.02988906,2015,"Aaron Brooks",915243,2774641.397207,-1859398.397207,1,1
"3",-1084172.27066785,-557657.669243265,-733906.668677546,-584817.68912612,4573.12599669241,815365.339895069,206767.600383959,5700408.02988906,2014,"Al-Farouq Aminu",3749602,3766559.79845,-16957.7984500006,2,5
"4",1224839.39672581,-484003.578747321,-891208.987373085,-324088.181747285,-33220.7524441794,-327995.256526398,-88928.9283896002,5700408.02988906,2016,"Alec Burks",9463484,4775801.741387,4687682.258613,4,8
"5",-327882.989180513,-1023795.8459587,-799834.946925911,-535171.468735981,36709.3834356922,1707316.94269694,240119.549356406,5700408.02988906,2016,"Alex Len",3807120,4997868.654577,-1190748.654577,2,5
"6",-1079699.25223811,-1041136.33887665,1337935.22249362,-1062842.19626664,-16051.1893702149,-437184.661305902,-29518.6695751682,5700408.02988906,2015,"Allen Crabbe",862000,3371910.94475,-2509910.94475,1,1
"7",-1062963.35844303,-305163.387015707,2243490.6621242,-526739.800457989,9193.67966015394,-363894.02114652,-143481.797650172,5700408.02988906,2016,"Allen Crabbe",947276,5550850.00696,-4603574.00696,1,2
"8",-504266.568950844,-533686.747779565,2725946.25313757,-860472.411300824,476613.93763725,328453.873207954,-773587.507250603,5700408.02988906,2015,"Amar'e Stoudemire",306876,6559408.85859,-6252532.85859,1,1
"9",-1184680.87149078,-843311.55512238,-1006837.51492986,130545.28620209,133456.068482104,1059488.34721731,101666.798202458,5700408.02988906,2014,"Amir Johnson",6500000,4090734.58845,2409265.41155,3,7
"10",-916618.705387936,-554804.287174395,2803363.71196788,1607100.82295975,-456784.388747455,-1023823.16881637,-563504.536650541,5700408.02988906,2014,"Andre Drummond",2465400,6595337.47804,-4129937.47804,2,4
"11",2276601.43847744,1916124.39262038,1236582.04829933,2278959.03221265,-1520031.15313341,-72936.5484502083,-894299.430815229,5700408.02988906,2016,"Andre Drummond",3272091,10921407.8091,-7649316.8091,2,5
"12",924302.995440303,-785345.54130938,-1038673.97664648,392947.415424014,-424462.181545565,-145425.70072375,-28159.4700211963,5700408.02988906,2017,"Andre Roberson",2183072,4595591.570507,-2412519.570507,2,3
"13",-1026659.29616269,-414031.530245296,158541.24394618,132217.90804518,126612.560360535,224896.595236973,-43824.5707629375,5700408.02988906,2014,"Andrea Bargnani",11862500,4858160.940307,7004339.059693,4,9
"14",-1118640.87890868,-101038.203899268,-4118.89973273458,-610076.386754575,11416.634118261,1249540.64460821,316840.127729731,5700408.02988906,2014,"Andrew Bogut",14000000,5444331.06705,8555668.93295,4,9
"15",-1116392.72170207,-777397.902514556,-812032.568593811,-1051140.36193518,39530.057427862,-254186.876923179,-38516.7667411193,5700408.02988906,2014,"Anthony Bennett",5324280,1690270.888907,3634009.111093,3,7
"16",1796797.88175707,3481956.34986417,1441384.65798848,843545.422750936,-1420548.7651182,746906.97542149,-764421.963853011,5700408.02988906,2016,"Anthony Davis",7070730,11826028.5887,-4755298.5887,3,7
"17",3922028.36116873,-674747.835438074,-1494530.61019428,-495560.777138056,836090.901108262,49562.3736961634,135375.927428192,5700408.02988906,2017,"Anthony Tolliver",8000000,7978626.37052,21373.6294799997,3,8
"18",-1220861.04254088,-703572.621553289,-864198.469997266,-236928.254519259,64774.9264582309,-220708.595223659,-43824.5707629375,5700408.02988906,2014,"Ben McLemore",2895960,2475089.40175,420870.598249999,2,5
"19",1142149.88807463,-1138337.94130662,-1085972.49610559,-1208214.15209255,151218.815172997,-562748.396102401,-125515.967449532,5700408.02988906,2016,"Beno Udrih",2170465,2872987.78008,-702522.780080001,2,3
"20",-1045642.87723017,-777397.902514556,-820930.56421263,-1051140.36193518,128163.917175946,261807.119075652,-38516.7667411193,5700408.02988906,2014,"Bismack Biyombo",3049920,2356750.593507,693169.406492999,2,5
"21",1388751.22199436,284736.934322963,-758005.141466067,-986735.97948358,283830.855537069,2942231.38510012,-1213521.21993693,5700408.02988906,2016,"Bismack Biyombo",2814000,7641696.085957,-4827696.085957,2,4
"22",-636267.428228745,3481956.34986417,3417266.14152257,674588.666839069,-845483.121303027,538473.675927633,304891.360509274,5700408.02988906,2014,"Blake Griffin",16441500,12635833.67502,3805666.32498,4,10
"23",-283758.713365759,3010303.49221802,3509199.37640126,1063284.72137608,902907.420752247,1119663.0236537,263719.5186954,5700408.02988906,2015,"Blake Griffin",17674613,15285726.86962,2388886.13038,4,10
"24",-936088.967109714,-670526.992563388,30927.89198662,-687836.779763011,50614.7976661493,250765.505950007,-263723.433335722,5700408.02988906,2014,"Boris Diaw",4702500,3474540.05272,1227959.94728,3,6
"25",1216225.72291163,-845401.496492922,543415.060099032,-1253188.56856601,159699.396246074,-540668.325497266,-88928.9283896002,5700408.02988906,2016,"Boris Diaw",7500000,4891560.8902,2608439.1098,3,7
"26",-1521184.55917707,2656131.94450802,-20403.039790276,2208619.05079333,718037.656411865,-1086111.95359901,361442.482104084,5700408.02988906,2014,"Bradley Beal",4319280,9016939.61114,-4697659.61114,3,6
"27",1594965.63014589,3036275.031215,-109107.739732616,1450113.70843234,282980.152043758,-2161282.0800284,-221856.310115035,5700408.02988906,2016,"Bradley Beal",5694674,9572496.42185,-3877822.42185,3,7
"28",-1394196.57391252,-779395.135792978,-100668.798666529,108631.832259814,126612.560360535,19354.2253455524,-117564.585462937,5700408.02988906,2017,"Brandon Ingram",5281680,3563181.55402,1718498.44598,3,6
"29",-1522523.53401392,2633444.47818163,-923202.348816677,2345212.50613136,352585.593712,-1370103.87886546,-479405.785297991,5700408.02988906,2014,"Brandon Knight",2793960,6736415.06092,-3942455.06092,2,4
"30",1529438.46447936,3533367.9411607,-1775326.45836721,1367112.57849391,-353173.743025693,-1116443.54983214,261244.337002016,5700408.02988906,2016,"Brandon Knight",13500000,9146627.5998,4353372.4002,4,9
"31",-1088014.21925762,-803755.993911027,-826138.828953568,-1062842.19626664,72582.6703778687,-437184.661305902,-29518.6695751682,5700408.02988906,2015,"Brandon Rush",1145685,1525536.130997,-379851.130997,1,2
"32",-1569718.67118404,3216424.78520186,-566729.604171099,1427728.91935541,597274.103765941,939629.373270586,113770.295802272,5700408.02988906,2014,"Brook Lopez",14693906,9858787.23193,4835118.76807,4,9
"33",-641679.087189236,2791144.64020341,60441.766421576,120099.965863111,669110.912004941,2175554.72433073,-404713.029843594,5700408.02988906,2015,"Brook Lopez",15719062,10470367.92168,5248694.07832,4,10
"34",3488229.62691784,4394597.52355737,-1794434.66134726,537470.531309426,1439176.691531,998644.365820236,4594.21502233123,5700408.02988906,2017,"Brook Lopez",21165675,14768686.3227,6396988.6773,4,10
"35",-886652.554901522,-750556.615417005,180190.480155434,-916058.922113529,95519.2194137709,-697363.78339334,-80411.6098228688,5700408.02988906,2014,"C.J. Watson",2016000,2645074.24381,-629074.24381,2,3
"36",-1079699.25223811,-777397.902514556,-810087.003624997,-1030240.33113723,-16051.1893702149,-437184.661305902,-75103.8058010506,5700408.02988906,2017,"Cameron Payne",2112480,1474643.883897,637836.116103,2,3
"37",-1122673.34893118,-617391.944650088,-882120.824371013,-913372.87712612,64774.9264582309,-108771.870678948,-43824.5707629375,5700408.02988906,2017,"Caris LeVert",1562280,2077027.519827,-514747.519827001,1,3
"38",-240085.997002412,2490840.75512555,-1220905.58977724,1960249.19920573,917173.485197424,858995.790045956,-24282.9504640628,5700408.02988906,2015,"Chandler Parsons",14700000,10442392.72222,4257607.27778,4,9
"39",-1446705.33426034,-793545.707317978,190370.679873807,108631.832259814,126612.560360535,296583.699278042,-43824.5707629375,5700408.02988906,2014,"Channing Frye",6400000,4138531.18932,2261468.81068,3,7
"40",-1020407.59558735,-723779.658900175,-800707.187387229,-925074.711457575,24767.035513771,-363894.02114652,-34826.4735969864,5700408.02988906,2014,"Chase Budinger",5000000,1856485.417327,3143514.582673,3,6
"41",-478908.441365758,2558159.74412241,4063907.74817097,2785702.79715484,-510729.118909141,-269168.953846749,1574270.81573438,5700408.02988906,2015,"Chris Paul",20068563,15423642.62095,4644920.37905,4,10
"42",-1165208.6738823,-777397.902514556,-755207.397438669,-1051140.36193518,128163.917175946,-254186.876923179,-38516.7667411193,5700408.02988906,2015,"Clint Capela",1189200,1786913.96763,-597713.967630001,1,2
"43",-1201692.86083522,-606946.327783265,-716841.686091684,-913372.87712612,11416.634118261,1274912.81803501,-798217.134156041,5700408.02988906,2016,"Clint Capela",1242720,2749666.59605,-1506946.59605,1,2
"44",-1448249.5552374,-798088.832999678,-1221331.02886517,1306982.26012267,83534.1696050143,-178786.203431874,-4242.68585262093,5700408.02988906,2014,"Corey Brewer",5000000,3440226.15323,1559773.84677,3,6
"45",3839338.85251755,-2599769.5124198,-578483.127965891,-1734328.14089893,26246.5783579326,-1350856.96222273,-1955.72966418999,5700408.02988906,2017,"Corey Brewer",7612172,3300599.987593,4311572.012407,3,7
"46",-1028392.48316318,-777397.902514556,-725925.264626313,-1030240.33113723,-16051.1893702149,-445699.23125652,-75103.8058010506,5700408.02988906,2014,"Cory Joseph",1120920,1601597.82202,-480677.822020001,1,2
"47",118821.163032614,-791049.176723994,-1437687.75750551,1598889.81282898,147152.435208083,-216105.308588531,-138777.437913695,5700408.02988906,2015,"Courtney Lee",5450000,4981651.760227,468348.239772999,3,7
"48",4006685.38113416,-837529.824511348,-2060935.78939144,1432571.35539511,-395463.264282307,319980.528044158,46694.8441426107,5700408.02988906,2017,"Courtney Lee",11242000,8212411.26042,3029588.73958,4,9
"49",-1339966.71272608,2578317.31029625,-118870.596596018,2221705.92859649,1291989.6486691,1187104.58186801,49845.7581432017,5700408.02988906,2016,"Danilo Gallinari",14000000,11570533.94814,2429466.05186,4,9
"50",1216225.72291163,-845401.496492922,597263.172713373,-455087.058105592,-223614.333081964,-107586.703693988,-15188.9136896002,5700408.02988906,2016,"Danny Green",10000000,5867018.42045,4132981.57955,4,8
"51",-223792.178557314,-631766.518364559,-881882.041171087,-973776.20726921,-65132.8770662083,-361496.304324691,-30691.6196089901,5700408.02988906,2015,"Darrell Arthur",3457149,2531870.283527,925278.716472999,2,5
"52",-245148.795115721,-684901.566277859,266116.351597128,-997362.283054576,11111.6776337917,318925.279357167,-30691.6196089901,5700408.02988906,2015,"David Lee",15012000,4338457.07442,10673542.92558,4,10
"53",1216225.72291163,-845401.496492922,539284.147293814,-1253188.56856601,159699.396246074,-52309.609792049,-15188.9136896002,5700408.02988906,2016,"David Lee",2085671,5449528.7078,-3363857.7078,2,3
"54",1216225.72291163,-845401.496492922,543415.060099032,-1253188.56856601,-73826.0529539262,-123967.153497266,-15188.9136896002,5700408.02988906,2016,"David West",1499187,5148476.6277,-3649289.6277,1,3
"55",687875.105259176,-288896.002697639,3414584.33821869,2384799.65329725,1484534.1428884,627790.330076184,-145257.560731121,5700408.02988906,2016,"DeAndre Jordan",19689000,13865838.0362,5823161.9638,4,10
"56",1650267.36758812,3032876.00699485,1423859.37352526,1020509.60711202,543537.799786475,-313806.775029846,378547.40483407,5700408.02988906,2016,"DeMar DeRozan",10050000,13436198.8147,-3386198.8147,4,8
"57",-867063.817930414,3049970.1679424,1318961.54412201,2493352.54689617,-1249601.42653487,405887.48113708,362924.536398562,5700408.02988906,2015,"DeMarcus Cousins",14746000,11214839.06192,3531160.93808,4,10
"58",-1418186.13128031,-798088.832999678,-1438268.2565392,1489493.08192762,-145510.965469986,58559.4496460676,100722.345056431,5700408.02988906,2014,"DeMarre Carroll",2557545,3549128.72023,-991583.720230002,2,4
"59",3922028.36116873,-730934.251498346,-759946.84468349,-326227.454949864,-415292.011185482,101991.288041127,-23924.3831617371,5700408.02988906,2017,"DeMarre Carroll",14200000,7468102.73362,6731897.26638,4,9
"60",-1152716.33498371,-798191.958800175,-739114.933418485,-925074.711457575,24767.035513771,-355379.451195902,-34826.4735969864,5700408.02988906,2017,"Denzel Valentine",2092200,1719871.20195,372328.798049999,2,3
"61",-1342437.77805324,750450.315071436,873084.376319913,2464676.70870047,-327495.147579071,-1214372.25625497,364171.581026396,5700408.02988906,2014,"Deron Williams",18466130,7268485.82912,11197644.17088,4,10
"62",-886819.32212882,3349483.30005026,3705002.3262618,760202.235815895,888593.471464664,-1890819.79605388,647752.954171026,5700408.02988906,2015,"Derrick Rose",18862876,12273803.19947,6589072.80053,4,10
"63",1279523.95456381,-479460.453065621,855955.858845901,-1253188.56856601,61687.7659924568,-225831.239269994,-15188.9136896002,5700408.02988906,2016,"Derrick Williams",4000000,5923906.4347,-1923906.4347,2,5
"64",-1179319.6148814,2403777.71625457,1853966.43309133,1712877.86063015,-83928.6361466159,-2261289.65417816,151887.710561073,5700408.02988906,2017,"Devin Booker",2223600,8298379.84522,-6074779.84522,2,4
"65",-1638126.23540417,3274205.88486508,-2080346.26180127,1883213.75421744,-165461.547666169,-1294517.59331467,397171.099344705,5700408.02988906,2017,"Devin Booker",2223600,6076547.13013,-3852947.13013,2,4
"66",1142149.88807463,-792266.448579622,-1085972.49610559,-1158073.28051623,-160190.201003322,-562748.396102401,-51775.9527495316,5700408.02988906,2016,"Devin Harris",4053446,3031531.142907,1021914.857093,3,6
"67",-1045642.87723017,-777397.902514556,-820930.56421263,-1051140.36193518,128163.917175946,261807.119075652,-38516.7667411193,5700408.02988906,2015,"Dewayne Dedmon",816482,2356750.593507,-1540268.593507,1,1
"68",-320019.736492357,-774867.53828235,-1159815.4652868,126483.213742159,-17688.7161979113,-374696.911092166,-148627.206849639,5700408.02988906,2015,"Dion Waiters",4062000,3031175.66943,1030824.33057,3,6
"69",903229.335407592,-683388.143210696,-763789.653279116,336382.188777906,-21209.4112172564,-477550.564938836,-193893.959298653,5700408.02988906,2016,"Dion Waiters",5138430,4800187.82213,338242.17787,3,6
"70",-385435.888752569,3041815.5233385,4012984.57580291,-209672.701242352,942894.26621054,1358550.61568019,-172586.767456275,5700408.02988906,2015,"Dirk Nowitzki",7974482,14288957.65347,-6314475.65347,3,8
"71",1171242.5910068,2783285.92099625,2998533.71784297,1865057.20106673,1687368.70508927,1630207.45943578,22458.0688231335,5700408.02988906,2016,"Dirk Nowitzki",8333334,17858561.69415,-9525227.69415,3,8
"72",-1122673.34893118,-697421.567503705,-813937.494871013,-913372.87712612,80348.2823118479,-108771.870678948,-43824.5707629375,5700408.02988906,2017,"Domantas Sabonis",2440200,2080754.582327,359445.417672999,2,4
"73",-1088014.21925762,-803755.993911027,-713776.051653568,-1062842.19626664,72582.6703778687,-437184.661305902,-29518.6695751682,5700408.02988906,2014,"Donald Sloan",884293,1637898.908297,-753605.908297,1,1
"74",-1036707.45018269,-803755.993911027,-1000223.79346488,-1062842.19626664,72582.6703778687,-363894.02114652,-29518.6695751682,5700408.02988906,2014,"Dorell Wright",3000000,1476048.57572,1523951.42428,2,5
"75",-1088014.21925762,-803755.993911027,-826138.828953568,-1062842.19626664,72582.6703778687,-437184.661305902,-29518.6695751682,5700408.02988906,2015,"Dwight Powell",507336,1525536.130997,-1018200.130997,1,1
"76",-1037327.91021066,-702985.602614556,-800747.826078841,-1051140.36193518,39530.057427862,-117286.440629565,-38516.7667411193,5700408.02988906,2016,"Dwight Powell",845059,1991933.179107,-1146874.179107,1,1
"77",-236535.121301545,-631766.518364559,-881882.041171087,-973776.20726921,-65132.8770662083,-280576.83318046,-30691.6196089901,5700408.02988906,2017,"Dwight Powell",8375000,2600046.811927,5774953.188073,3,8
"78",-553071.076709508,2484566.96414241,3982541.16487811,3312555.73932078,-1203458.7928184,-520390.458195567,795368.665913119,5700408.02988906,2014,"Dwyane Wade",18673000,13998520.23642,4674479.76358,4,10
"79",4026258.1540965,-271640.167684457,-1506936.94412415,-458021.541165991,66851.8788676794,-1334476.51241945,-189658.872439193,5700408.02988906,2017,"E'Twaun Moore",8081363,6032784.02502,2048578.97498,3,8
"80",-327882.989180513,-1023795.8459587,-799834.946925911,-535171.468735981,36709.3834356922,1707316.94269694,240119.549356406,5700408.02988906,2015,"Ed Davis",981084,4997868.654577,-4016784.654577,1,2
"81",1388751.22199436,284736.934322963,-758005.141466067,-986735.97948358,283830.855537069,2942231.38510012,650794.637063068,5700408.02988906,2016,"Ed Davis",6980802,9506011.942957,-2525209.942957,3,7
"82",3922028.36116873,-2193746.83122465,-580428.692934706,-1702087.65387141,574879.113744898,33181.9238928847,135375.927428192,5700408.02988906,2017,"Ed Davis",6666667,5889610.178093,777056.821907,3,7
"83",-1191662.02598863,-726260.087879678,-908780.273536879,483056.601716497,-117755.396958377,281945.019030647,-119746.316845637,5700408.02988906,2015,"Elfrid Payton",2397840,3401205.549427,-1003365.549427,2,4
"84",-1026659.29616269,-726260.087879678,-985839.838994222,157009.103763172,-157667.189231547,-135022.378323281,48666.1471661884,5700408.02988906,2016,"Elfrid Payton",2505720,2874634.490227,-368914.490227,2,4
"85",1379992.06240713,2440369.47185367,-925969.535557465,1526656.52858219,354222.937238675,-1257699.70769495,-464193.199318304,5700408.02988906,2016,"Eric Gordon",15514031,8753786.5874,6760244.4126,4,10
"86",-886652.554901522,-670526.992563388,143729.456955434,-916058.922113529,9193.67966015394,-615558.57328334,-80411.6098228688,5700408.02988906,2014,"Evan Fournier",1422720,2684122.51382,-1261402.51382,1,3
"87",-1057586.40451499,-656859.237572578,-168981.321634544,536413.650070209,112452.431568453,336602.983170482,219048.103543907,5700408.02988906,2014,"Evan Turner",6679867,5021498.23452,1658368.76548,3,7
"88",3922028.36116873,-691745.141526082,31374.2039331141,-690690.166296478,-524004.609602762,275419.149937342,87121.2606970739,5700408.02988906,2017,"Evan Turner",16393443,8109911.0882,8283531.9118,4,10
"89",-332125.31027672,2281749.15540201,-1408863.12981947,1349089.56044431,-263373.504951547,-1337591.10207623,-250557.372981407,5700408.02988906,2017,"Gary Harris",1655880,5738736.32563,-4082856.32563,1,3
"90",-960173.174603369,2581111.06761428,-871379.581144396,223506.907563271,6746.11584845342,-697425.683349883,-41365.5625974167,5700408.02988906,2015,"George Hill",8000000,5941428.11922,2058571.88078,3,8
"91",829242.967948805,-1088512.93111273,55604.5380969154,2800668.0952074,295127.539900867,51904.1213151397,206026.778154546,5700408.02988906,2016,"George Hill",8000000,8850469.1394,-850469.1394,3,8
"92",3179348.12504962,3141674.06506798,-598930.723636328,1481572.72637521,-434638.808930441,-2008301.31581879,304081.141503684,5700408.02988906,2017,"George Hill",8000000,10765213.2395,-2765213.2395,3,8
"93",-1028392.48316318,-803755.993911027,-725925.264626313,-1062842.19626664,-16051.1893702149,-445699.23125652,-29518.6695751682,5700408.02988906,2016,"Glenn Robinson III",1100000,1588223.00172,-488223.00172,1,2
"94",-1235383.93025006,-843311.55512238,-972905.769213576,130545.28620209,133456.068482104,1136118.29396731,101666.798202458,5700408.02988906,2015,"Gorgui Dieng",1413480,4150593.222157,-2737113.222157,1,2
"95",-385506.949562128,-820624.088795992,-852869.043245555,-187282.034129121,-317327.94670646,1624091.45987201,191730.151405186,5700408.02988906,2016,"Gorgui Dieng",1474440,4952619.578727,-3478179.578727,1,3
"96",3867154.85743729,-1017534.58504418,-1265721.66375356,-737205.736028426,-1287080.00356848,2708360.52749427,-102563.621025965,5700408.02988906,2017,"Greg Monroe",17145838,7865817.8054,9280020.1946,4,10
"97",-348582.821410845,-733486.374749261,-202719.261784191,159950.674493042,182241.75970616,338136.800450443,-99840.9966444067,5700408.02988906,2015,"Harrison Barnes",3049920,4996107.80995,-1946187.80995,2,5
"98",-1069844.00779554,-697421.567503705,-806783.665161261,-913372.87712612,80348.2823118479,261807.119075652,-43824.5707629375,5700408.02988906,2014,"Henry Sims",788872,2511316.742927,-1722444.742927,1,1
"99",-236535.121301545,-1052250.31099156,-886012.953976304,-973776.20726921,11111.6776337917,98516.7265247572,-30691.6196089901,5700408.02988906,2015,"Ian Mahinmi",4000000,2630770.2209,1369229.7791,2,5
"100",1388751.22199436,-1003670.03006823,-855945.778166067,-419692.965826541,-370091.462484787,2559956.2863534,149367.554415795,5700408.02988906,2016,"Ian Mahinmi",4000000,7149082.856107,-3149082.856107,2,5
"101",3922028.36116873,-1082578.14749007,-1424426.73490396,-1338470.47747831,-536824.999124117,611889.331393404,-23924.3831617371,5700408.02988906,2017,"Ian Mahinmi",15944154,5828100.980293,10116053.019707,4,10
"102",-187098.709093353,-631766.518364559,-879936.476202273,-1143085.66131541,-50149.1168832899,-474154.415881023,35092.8691778435,5700408.02988906,2015,"Ish Smith",861405,2369310.001327,-1507905.001327,1,1
"103",1133536.21426045,-465309.881540621,647172.917169162,-628798.144588706,418657.123763739,-943556.399750319,50595.5750972334,5700408.02988906,2016,"J.J. Barea",4290000,5912705.4343,-1622705.4343,3,6
"104",-181850.563463547,-684901.566277859,84021.4155228989,-885640.110678258,-66771.8893425271,-162032.366120777,-30691.6196089901,5700408.02988906,2015,"Jae Crowder",915243,3772541.32992,-2857298.32992,1,1
"105",-1112215.34982299,-798191.958800175,-811991.929902199,-925074.711457575,24767.035513771,-355379.451195902,-34826.4735969864,5700408.02988906,2015,"JaKarr Sampson",507336,1687495.190627,-1180159.190627,1,1
"106",-859171.931514329,2811418.66276388,2119449.13780104,-675490.372000985,-56043.1678578724,-2307214.98352282,-1038685.21406797,5700408.02988906,2015,"Jamal Crawford",5450000,5694670.16149,-244670.16149,3,7
"107",-1060908.58074806,-617391.944650088,-786658.071603514,-1016684.08907232,3514.13194114928,-375359.558430128,98737.1709238961,5700408.02988906,2015,"Jameer Nelson",2732000,1945657.08825,786342.91175,2,4
"108",1044059.23705267,-618266.922462489,-978149.810230524,76124.2671886659,-47380.881236261,-493715.078454638,130877.433783516,5700408.02988906,2017,"Jameer Nelson",4540525,4813956.27553,-273431.27553,3,6
"109",-1069844.00779554,-697421.567503705,-802652.752356043,-584817.68912612,80348.2823118479,-117286.440629565,-43824.5707629375,5700408.02988906,2017,"James Ennis III",2898000,2464909.284027,433090.715973,2,5
"110",-236535.121301545,-631766.518364559,-881882.041171087,-862054.034892892,-66771.8893425271,-280576.83318046,-30691.6196089901,5700408.02988906,2015,"James Johnson",2500000,2710129.972027,-210129.972027001,2,4
"111",4194708.69230428,-821348.186069704,-2381602.3830639,300467.912735048,-337857.810973873,170808.669401413,101098.580177673,5700408.02988906,2017,"James Johnson",4000000,6926683.5044,-2926683.5044,2,5
"112",-232405.85237149,-684901.566277859,270247.264402346,-557084.922678258,-66771.8893425271,-557788.923492281,-30691.6196089901,5700408.02988906,2015,"Jared Dudley",4250000,3841010.52052,408989.479479999,3,6
"113",-1065023.82601418,-773910.704815281,-150498.052316645,68770.9093514231,71618.4345797995,869999.922324772,108225.829971053,5700408.02988906,2014,"Jared Sullinger",1365720,4829590.54297,-3463870.54297,1,2
"114",-1124707.68872158,-702985.602614556,-715721.616622383,-1051140.36193518,128163.917175946,-254186.876923179,-38516.7667411193,5700408.02988906,2016,"Jarell Martin",1230840,1941313.033507,-710473.033507001,1,2
"115",-236535.121301545,-631766.518364559,-881882.041171087,-862054.034892892,135977.481657473,-280576.83318046,-30691.6196089901,5700408.02988906,2015,"Jason Smith",3278000,2912879.343027,365120.656972999,2,5
"116",-712764.753578653,-2523128.67587924,2857898.65318672,-864927.767141464,138557.795912688,-769540.997331257,-390902.685567846,5700408.02988906,2014,"Jason Terry",5625313,3435599.59949,2189713.40051,3,7
"117",-1201692.86083522,-606946.327783265,-716841.686091684,-584817.68912612,402728.337118261,1274912.81803501,-798217.134156041,5700408.02988906,2014,"Jason Thompson",5643750,3469533.48705,2174216.51295,3,7
"118",-899144.893800114,-756120.650527856,79656.1314352504,-1074726.43772055,128163.917175946,-514365.999010616,-38516.7667411193,5700408.02988906,2017,"JaVale McGee",1403611,2625353.3307,-1221742.3307,1,2
"119",-1200206.14397865,-1806796.29501208,1983353.03002249,-897529.632270876,55872.4029439384,-1483410.62261982,-35008.8737840694,5700408.02988906,2017,"Jaylen Brown",4743000,2316681.89519,2426318.10481,3,6
"120",-471319.440016994,2493100.68405264,-1237063.22312729,1555990.88572772,395096.029940535,-734656.519723469,-334511.706322195,5700408.02988906,2015,"Jeff Green",9200000,7367044.74042,1832955.25958,4,8
"121",978987.5532783,-899188.617948996,455968.790688712,369361.339638648,28616.8814581247,-117713.363514248,-15188.9136896002,5700408.02988906,2016,"Jeff Green",9650000,6501251.6998,3148748.3002,4,8
"122",-1464083.99956131,2494474.81168162,-1686430.39094361,2301273.74897321,-144668.343016289,-1233789.99651169,1247229.32719901,5700408.02988906,2014,"Jeff Teague",8000000,7214413.18771,785586.812289999,3,8
"123",2852568.42465938,2331676.64952656,-2409987.13250867,1450450.49237305,-320548.680030441,-954222.905325826,602312.978516889,5700408.02988906,2017,"Jeff Teague",8800000,9252657.8571,-452657.857100001,4,8
"124",-1148908.81928695,-697421.567503705,-813937.494871013,-913372.87712612,80348.2823118479,-254186.876923179,-43824.5707629375,5700408.02988906,2015,"Jerami Grant",884879,1909104.105727,-1024225.105727,1,1
"125",-1101295.24588875,-703572.621553289,-929921.636771228,-236928.254519259,64774.9264582309,295285.400775172,-43824.5707629375,5700408.02988906,2016,"Jerami Grant",845059,3044926.027627,-2199867.027627,1,1
"126",-1112215.34982299,-771833.867403705,-811991.929902199,-892472.846328163,24767.035513771,-437184.661305902,-154151.624522869,5700408.02988906,2016,"Jerian Grant",1572360,1545324.786117,27035.2138829995,1,3
"127",-1020407.59558735,-617391.944650088,-868890.516887229,-625498.959128163,9193.67966015394,-363894.02114652,-154151.624522869,5700408.02988906,2014,"Jerryd Bayless",3135000,2059367.047627,1075632.952373,2,5
"128",1627263.79166962,2450451.099241,1455991.10419947,1031965.0465289,-980361.279743532,1276588.78198876,259987.802476714,5700408.02988906,2016,"Jimmy Butler",16407500,12822294.37625,3585205.62375,4,10
"129",-1333844.44258076,-934589.711925279,1867735.38339072,1313908.21141492,-564903.353743076,441979.675118584,-234433.055944165,5700408.02988906,2014,"Joakim Noah",11100000,6256260.73562,4843739.26438,4,9
"130",-886652.554901522,-851327.006713476,180190.480155434,-948660.787242941,24767.035513771,-697363.78339334,-34826.4735969864,5700408.02988906,2016,"Joe Ingles",2050000,2486534.93971,-436534.939710001,2,3
"131",-1124707.68872158,-777397.902514556,-828084.393922383,-1051140.36193518,128163.917175946,-254186.876923179,-38516.7667411193,5700408.02988906,2015,"Joffrey Lauvergne",1790281,1754537.956307,35743.0436929995,2,3
"132",-1069844.00779554,-697421.567503705,-806783.665161261,-913372.87712612,80348.2823118479,261807.119075652,-43824.5707629375,5700408.02988906,2016,"Joffrey Lauvergne",1709719,2511316.742927,-801597.742927,1,3
"133",3922028.36116873,-674747.835438074,-502096.60659428,-1111051.93079509,466219.46856858,33181.9238928847,135375.927428192,5700408.02988906,2017,"John Henson",12517606,7969317.33812,4548288.66188,4,9
"134",-909018.403447495,1845420.81268743,2481956.57482345,-332210.532777381,-344241.196215026,-370978.13469221,295270.697582177,5700408.02988906,2014,"John Wall",7459925,8366607.84785,-906682.847850001,3,7
"135",1592497.59321706,3263030.45942027,3037335.54620015,525516.913009804,-275782.135641164,-294255.738418999,1082522.20177381,5700408.02988906,2017,"John Wall",16957900,14631272.86945,2326627.13055,4,10
"136",-996206.465021977,-803755.993911027,-814854.086438598,-1062842.19626664,72582.6703778687,-363894.02114652,-29518.6695751682,5700408.02988906,2014,"Jonas Jerebko",4500000,1701919.267907,2798080.732093,3,6
"137",-236535.121301545,-631766.518364559,-881882.041171087,-973776.20726921,11111.6776337917,-280576.83318046,-30691.6196089901,5700408.02988906,2015,"Jonas Jerebko",4500000,2676291.366627,1823708.633373,3,6
"138",3922028.36116873,-2193746.83122465,-580428.692934706,-2311869.56887141,574879.113744898,33181.9238928847,135375.927428192,5700408.02988906,2017,"Jonas Jerebko",5000000,5279828.263093,-279828.263093,3,6
"139",-1568055.64263502,2510455.30599981,-1464859.82923809,1349922.64663217,-281341.27670878,-1288651.41765643,-315208.954432708,5700408.02988906,2016,"Jordan Clarkson",845059,4642668.86185,-3797609.86185,1,1
"140",-888257.218472851,2533676.60071714,-1014834.40598355,43966.3149829543,-352216.893663155,-1484043.67984761,-456700.445071986,5700408.02988906,2017,"Jordan Clarkson",12500000,4081998.30255,8418001.69745,4,9
"141",-1122673.34893118,-697421.567503705,-818068.407676231,-913372.87712612,80348.2823118479,270321.68902627,-43824.5707629375,5700408.02988906,2017,"Josh Huestis",1191480,2455717.229227,-1264237.229227,1,2
"142",-1020407.59558735,-1009214.21236932,-632927.45864161,-892472.846328163,24767.035513771,-363894.02114652,-80411.6098228688,5700408.02988906,2015,"Josh McRoberts",5305000,1725847.321507,3579152.678493,3,6
"143",-1079699.25223811,-803755.993911027,-810087.003624997,-1062842.19626664,-16051.1893702149,-437184.661305902,-29518.6695751682,5700408.02988906,2015,"Justin Holiday",816482,1461269.063597,-644787.063597,1,1
"144",-1372654.02265921,-728520.016806768,-1512039.47781113,2513598.21288471,-392625.401933489,137789.987787831,147400.624498996,5700408.02988906,2017,"Justise Winslow",2593440,4493357.93585,-1899917.93585,2,4
"145",-551145.28193549,2363236.427319,-2483786.04771725,1554318.26388463,-788245.07442558,1765430.28499519,-28922.4370595481,5700408.02988906,2015,"Kawhi Leonard",2894059,7531294.16495,-4637235.16495,2,5
"146",1906213.01273718,3139138.62089505,-2264632.0095964,1861755.81551623,-1056273.93230505,2090802.87406714,-325437.078573203,5700408.02988906,2016,"Kawhi Leonard",16407500,11051975.33263,5355524.66737,4,10
"147",-1128515.20441834,-803755.993911027,-1011508.53597985,-1062842.19626664,72582.6703778687,-355379.451195902,-29518.6695751682,5700408.02988906,2016,"Kelly Oubre Jr.",1920240,1381470.64892,538769.351079999,2,3
"148",3068736.0584827,2521101.9542895,-748918.053026452,2367271.60191256,332853.314152056,-1086157.26719529,375244.199995861,5700408.02988906,2017,"Kemba Walker",12000000,12530539.8385,-530539.838500001,4,9
"149",-387719.47520033,-773910.704815281,187962.617560889,120089.751584651,10106.9183972307,1558361.03272878,121358.781125001,5700408.02988906,2015,"Kenneth Faried",2249768,6536656.95127,-4286888.95127,2,4
"150",4268781.70052831,-684398.220201497,-1366725.3876463,21661.9796569959,-387812.586385482,135469.569740647,-23924.3831617371,5700408.02988906,2017,"Kent Bazemore",15730338,7663460.70242,8066877.29758,4,10
"151",2412892.19872197,2740214.559023,3560442.06082813,1446031.53560621,1269826.22512417,1006590.77911898,-35833.0883115249,5700408.02988906,2017,"Kevin Love",21165675,18100572.3,3065102.7,4,10
"152",1224839.39672581,-792266.448579622,-1092048.97387962,-1117880.32040432,51039.751069755,-272718.162624459,-15188.9136896002,5700408.02988906,2016,"Kosta Koufos",7700000,3686184.358507,4013815.641493,3,8
"153",1307633.5669997,-1898504.37940885,1979999.72838664,-927633.140461709,368457.495703311,85875.8387730677,-758084.801331213,5700408.02988906,2016,"Kris Humphries",1000000,5858152.33855,-4858152.33855,1,2
"154",-191276.080972433,-1057814.34610241,-879977.114893885,-1111543.69207827,-29706.5472501942,-361496.304324691,-25383.8155871719,5700408.02988906,2017,"Kyle Anderson",1192080,2043210.12868,-851130.128680001,1,2
"155",4026258.1540965,-306908.277301082,215430.283783099,-172991.844670903,601515.328238235,-545190.705095714,-115918.857739193,5700408.02988906,2017,"Kyle Korver",5239437,9402602.1112,-4163165.1112,3,6
"156",-814527.187312219,2484566.96414241,1289061.80817201,2495025.16873926,-884369.813405901,-764868.144883799,815688.780509181,5700408.02988906,2015,"Kyle Lowry",12000000,10320985.60585,1679014.39415,4,9
"157",2390487.24278479,3199785.01888997,1963681.04331898,1291436.91785289,-1256802.6877264,1229331.60568073,231932.630859983,5700408.02988906,2017,"Kyle Lowry",12000000,14750259.80155,-2750259.80155,4,9
"158",-1026659.29616269,-726260.087879678,-985839.838994222,132217.90804518,126612.560360535,-154196.964468245,-43824.5707629375,5700408.02988906,2014,"Kyle Singler",1045000,3022457.740027,-1977457.740027,1,2
"159",-187098.709093353,-658124.609761029,-879936.476202273,-873755.869224347,80396.234859396,-462688.878597415,-21693.522443039,5700408.02988906,2015,"Kyle Singler",1090000,2697506.199427,-1607506.199427,1,2
"160",475549.06788674,2907709.6514817,2620282.34718394,2389543.48234793,123750.974436429,-3809621.19313201,658535.073056206,5700408.02988906,2016,"Kyrie Irving",16407501,11066157.43315,5341343.56685,4,10
"161",-857915.824765884,2942540.68351531,1220383.43543481,975801.781415666,1022079.98561418,1587111.39126336,3599.77817349702,5700408.02988906,2015,"LaMarcus Aldridge",16006000,12594009.26054,3411990.73946,4,10
"162",-1148908.81928695,-697421.567503705,-813937.494871013,-584817.68912612,80348.2823118479,-254186.876923179,-43824.5707629375,5700408.02988906,2015,"Lance Thomas",403784,2237659.293727,-1833875.293727,1,1
"163",-1122673.34893118,-697421.567503705,-813937.494871013,-584817.68912612,4103.72761184788,-108771.870678948,-117564.585462937,5700408.02988906,2016,"Langston Galloway",845059,2259325.200927,-1414266.200927,1,1
"164",-1437381.28554536,-824968.915317005,78387.3751664326,-936958.952911485,4103.72761184788,435358.308889449,-43824.5707629375,5700408.02988906,2016,"Larry Nance Jr.",1155600,2975123.71702,-1819523.71702,1,2
"165",-1161191.87567451,-1023795.8459587,-789718.682575398,-586490.310969209,-28283.916681739,1443581.67499503,-417845.980997542,5700408.02988906,2014,"Larry Sanders",3053368,3136663.092027,-83295.0920270011,2,5
"166",1224839.39672581,-1375718.28627224,-924269.245134,-1117880.32040432,160957.450269755,-272718.162624459,-15188.9136896002,5700408.02988906,2016,"Lavoy Allen",4050000,3380429.94876,669570.051239999,3,6
"167",-1479432.046785,-750556.615417005,-17320.1112389823,-916058.922113529,24767.035513771,-558884.69021545,-80411.6098228688,5700408.02988906,2014,"Leandro Barbosa",410936,1922511.06981,-1511575.06981,1,1
"168",-132414.151255355,-711259.65767433,85966.9804917133,-1009064.11738603,-44469.5691642852,-718447.271537732,-21693.522443039,5700408.02988906,2016,"Leandro Barbosa",2500000,3149026.72092,-649026.720920001,2,4
"169",1466438.41608445,2530639.78434241,-650616.546643595,321223.71240358,-141199.214680577,-2048075.09740069,-537782.851394636,5700408.02988906,2016,"Lou Williams",7000000,6641036.2326,358963.767399998,3,7
"170",-1020407.59558735,-798191.958800175,-800707.187387229,-925074.711457575,24767.035513771,-363894.02114652,-34826.4735969864,5700408.02988906,2014,"Luc Mbah a Moute",4588384,1782073.117427,2806310.882573,3,6
"171",-336496.66299469,-985946.790451965,-124662.565273531,-885640.110678258,36709.3834356922,1752646.91882306,236301.722870633,5700408.02988906,2015,"Luis Scola",4868499,5393319.92562,-524820.925620002,3,6
"172",-1122673.34893118,-697421.567503705,-813937.494871013,-913372.87712612,80348.2823118479,-108771.870678948,-43824.5707629375,5700408.02988906,2014,"Luke Babbitt",387995,2080754.582327,-1692759.582327,1,1
"173",1142149.88807463,-1164696.03270309,-1085972.49610559,-1240816.01722196,151218.815172997,-562748.396102401,-6190.8165236492,5700408.02988906,2017,"Luke Babbitt",1227286,2933352.97448,-1706066.97448,1,2
"174",118370.553608608,-723908.255343985,-273694.532284884,2628632.56919164,487635.763280666,99480.3610829536,85030.6969959371,5700408.02988906,2015,"Luol Deng",9714461,8121955.18642,1592505.81358,4,8
"175",851143.327515726,-701997.676465241,-183807.981806988,1742549.0209514,-1721.3623815579,182060.08001426,61989.3453833426,5700408.02988906,2016,"Luol Deng",10151612,7650622.7831,2500989.2169,4,8
"176",-1112215.34982299,-771833.867403705,-811991.929902199,-892472.846328163,24767.035513771,-437184.661305902,-154151.624522869,5700408.02988906,2017,"Malcolm Delaney",2500000,1545324.786117,954675.213882999,2,4
"177",1619106.32977523,2752735.17754625,2202086.16558961,2497353.39820055,1892000.58451744,1315926.92919989,235211.984781983,5700408.02988906,2016,"Marc Gasol",19688000,18214828.5995,1473171.4005,4,10
"178",2382329.7808904,2752679.95679522,2725837.97933104,2868596.84575787,1867182.49261513,1292590.36003471,195213.339086563,5700408.02988906,2017,"Marc Gasol",21165675,19784838.7844,1380836.2156,4,10
"179",3839338.85251755,-306908.277301082,-53924.2737967557,-556780.699836165,66851.8788676794,-1468534.87645022,-121280.880590072,5700408.02988906,2017,"Marco Belinelli",6333333,7099169.7533,-765836.7533,3,7
"180",-1020407.59558735,-525832.258746558,-868890.516887229,-596519.523457575,9193.67966015394,-363894.02114652,-34826.4735969864,5700408.02988906,2014,"Marcus Thornton",8050000,2299231.320127,5750768.679873,3,8
"181",-1020407.59558735,-525832.258746558,-868890.516887229,-596519.523457575,9193.67966015394,-363894.02114652,-34826.4735969864,5700408.02988906,2014,"Marcus Thornton",8050000,2299231.320127,5750768.679873,3,8
"182",-162897.578527984,-117340.164036354,-878031.549925071,-1123245.52640973,-44469.5691642852,-462688.878597415,-16385.7184212209,5700408.02988906,2015,"Marcus Thornton",8575000,2895349.044807,5679650.955193,3,8
"183",-162897.578527984,-117340.164036354,-878031.549925071,-1123245.52640973,-44469.5691642852,-462688.878597415,-16385.7184212209,5700408.02988906,2015,"Marcus Thornton",8575000,2895349.044807,5679650.955193,4,8
"184",-244678.308732226,-494332.097758431,2458421.59331561,99893.1466612824,-252021.649498772,-1216862.07396057,691619.096404049,5700408.02988906,2015,"Mario Chalmers",4000000,6742447.73632,-2742447.73632,2,5
"185",-1112215.34982299,-723779.658900175,-811991.929902199,-925074.711457575,24767.035513771,-355379.451195902,-34826.4735969864,5700408.02988906,2016,"Mario Hezonja",3741480,1761907.490527,1979572.509473,2,5
"186",-551145.28193549,1810386.96342554,-1289753.74284513,1479047.76158864,-792650.022392125,954800.019535747,26957.0513637616,5700408.02988906,2015,"Markieff Morris",2989239,7338050.77863,-4348811.77863,2,5
"187",-245148.795115721,-604871.943424242,314097.213097128,-997362.283054576,119146.071780175,318925.279357167,-30691.6196089901,5700408.02988906,2015,"Marreese Speights",3657500,4574501.95292,-917001.952920001,2,5
"188",3922028.36116873,-629986.322201082,31374.2039331141,-2311869.56887141,559305.757891281,88553.8568621155,135375.927428192,5700408.02988906,2017,"Marreese Speights",1403611,7495190.2461,-6091579.2461,1,2
"189",-1163174.3340919,-697421.567503705,-745191.411192516,-913372.87712612,80348.2823118479,270321.68902627,-43824.5707629375,5700408.02988906,2014,"Mason Plumlee",1298640,2488093.24055,-1189453.24055,1,2
"190",1428111.33433365,-1003670.03006823,-583684.575461041,-394901.770108549,-384251.591276868,2387220.33606799,226001.119803986,5700408.02988906,2017,"Mason Plumlee",2328530,7375232.85318,-5046702.85318,2,4
"191",-894994.475498983,-756707.669466589,-465991.961355961,-6499.59294456544,64774.9264582309,439539.075367163,-186713.962498354,5700408.02988906,2014,"Matt Barnes",3250000,3893814.36995,-643814.369950001,2,5
"192",1196834.44591263,-845401.496492922,359134.7761884,-550294.013773078,-59286.950182644,-813591.876523047,156846.027281605,5700408.02988906,2017,"Matthew Dellavedova",9607500,5144648.9423,4462851.0577,4,8
"193",-1069844.00779554,-697421.567503705,-732548.877065721,-584817.68912612,-323331.137491842,-98111.8544846014,-56795.1270945335,5700408.02988906,2014,"Maurice Harkless",1809840,2137537.769327,-327697.769327001,2,3
"194",-1110344.99295625,-617391.944650088,-797959.085372329,-913372.87712612,64774.9264582309,-117286.440629565,-43824.5707629375,5700408.02988906,2017,"Michael Beasley",1403611,2165003.04485,-761392.044850001,1,2
"195",-466103.411578216,-682926.601395251,132156.836978049,236893.79863212,198449.368599535,1156098.47855548,117540.954639228,5700408.02988906,2016,"Michael Kidd-Gilchrist",6331404,6392517.45432,-61113.4543200014,3,7
"196",1159427.94987431,-923405.049357711,470199.367787019,273756.555559392,-851899.415320944,1961246.72965308,24047.7544157955,5700408.02988906,2017,"Michael Kidd-Gilchrist",13000000,7813781.9225,5186218.0775,4,9
"197",-939161.315249348,-670526.992563388,41945.4927759878,-711714.976857681,3514.13194114928,-497059.587339675,98737.1709238961,5700408.02988906,2014,"Mo Williams",2652000,3026141.95352,-374141.95352,2,4
"198",-988597.72745754,-670526.992563388,39999.9278071734,-936958.952911485,64774.9264582309,-54113.9065391128,-43824.5707629375,5700408.02988906,2017,"Montrezl Harrell",1045000,3111160.73392,-2066160.73392,1,2
"199",-1163174.3340919,-617391.944650088,-955457.253202516,-735071.89212612,64774.9264582309,132385.65582627,-43824.5707629375,5700408.02988906,2016,"Myles Turner",2357760,2382648.61734,-24888.6173400008,2,4
"200",-784586.524319394,-314401.074701384,3064706.68059581,-864927.767141464,187750.759466479,-769540.997331257,-974265.137267846,5700408.02988906,2014,"Nate Robinson",2016000,5245143.96919,-3229143.96919,2,3
"201",-1110344.99295625,-771833.867403705,-988022.459382329,-913372.87712612,80348.2823118479,-117286.440629565,-43824.5707629375,5700408.02988906,2014,"Nick Collison",2585668,1836071.10394,749596.896059999,2,4
"202",1689646.36653261,2435527.71402078,1619106.50715491,1719610.07738231,1099364.99764062,1419164.47473819,42922.3716415292,5700408.02988906,2016,"Nicolas Batum",13125306,15725750.539,-2600444.539,4,9
"203",-1152716.33498371,-798191.958800175,-739114.933418485,-925074.711457575,24767.035513771,-437184.661305902,-34826.4735969864,5700408.02988906,2015,"Nik Stauskas",2745840,1638065.99184,1107774.00816,2,4
"204",-1060908.58074806,-617391.944650088,-679849.329403515,-625498.959128163,9193.67966015394,-363894.02114652,-80411.6098228688,5700408.02988906,2016,"Nik Stauskas",2869440,2281647.26465,587792.735349999,2,4
"205",-320019.736492357,-703038.79316235,-983980.137377118,126483.213742159,64822.879005779,-393871.497237129,-209396.665218043,5700408.02988906,2017,"Nik Stauskas",2993040,3281407.29315,-288367.293150001,2,5
"206",-1120200.23739883,-803755.993911027,-737210.007141283,-1062842.19626664,-16051.1893702149,-355379.451195902,-29518.6695751682,5700408.02988906,2016,"Norman Powell",650000,1575450.28503,-925450.285030001,1,1
"207",-1088014.21925762,-803755.993911027,-713776.051653568,-1062842.19626664,72582.6703778687,-437184.661305902,-29518.6695751682,5700408.02988906,2014,"Otto Porter Jr.",4278000,1637898.908297,2640101.091703,3,6
"208",-1057101.06505131,-697421.567503705,-802652.752356043,-913372.87712612,80348.2823118479,-262701.446873796,-43824.5707629375,5700408.02988906,2015,"Otto Porter Jr.",4470480,2003682.032527,2466797.967473,3,6
"209",859757.001329903,-939125.026706024,-1528807.54011986,1434710.62859769,-99422.4521006968,332195.948063784,-513369.013066849,5700408.02988906,2017,"Otto Porter Jr.",5893981,5246347.575887,647633.424112998,3,7
"210",-147738.596754067,-1052250.31099156,-963101.130907467,-952876.176471254,-76720.9027679754,-577572.65648322,-80249.2150005175,5700408.02988906,2015,"Pablo Prigioni",1662961,1849899.040513,-186938.040513001,1,3
"211",140270.913175529,-844184.224637294,-379437.251779584,1542017.04409347,-228542.806185922,124670.404661567,151980.014703172,5700408.02988906,2015,"Patrick Beverley",915243,6207182.12392,-5291939.12392,1,1
"212",915689.321626126,-736523.191123996,136447.93186447,394152.53535664,-232937.852433957,-228503.300596557,96863.4933182141,5700408.02988906,2016,"Patrick Beverley",6486486,6045596.9679,440889.032099999,3,7
"213",1279523.95456381,-845401.496492922,353058.298414368,-347674.257532651,-45126.8213905624,-137793.245761498,-15188.9136896002,5700408.02988906,2016,"Patrick Patterson",6268675,5941805.548,326869.451999999,3,7
"214",-383602.411765759,2578317.31029625,4548683.48653201,2394129.87147221,1160209.67009465,1181389.70091139,472929.425790193,5700408.02988906,2015,"Pau Gasol",7128000,17652465.08322,-10524465.08322,3,7
"215",1327988.4110068,2783285.92099625,3665470.02311094,1889848.39678472,1913827.88345738,869805.191304973,927433.515149866,5700408.02988906,2016,"Pau Gasol",7448760,19078067.3717,-11629307.3717,3,7
"216",-1112215.34982299,-771833.867403705,-811991.929902199,-1082682.33117232,-57157.0669052337,-448650.19858951,98737.1709238961,5700408.02988906,2014,"Phil Pressey",490180,1514614.457017,-1024434.457017,1,1
"217",-236535.121301545,-631766.518364559,-886012.953976304,-862054.034892892,135977.481657473,98516.7265247572,-30691.6196089901,5700408.02988906,2015,"Quincy Acy",915243,3287841.989927,-2372598.989927,1,1
"218",3707015.70008559,-998217.641022609,-1412346.47350724,-2087814.68726668,534060.888860913,-432111.789147224,135375.927428192,5700408.02988906,2017,"Quincy Acy",1790092,5146369.95532,-3356277.95532,2,3
"219",-1112215.34982299,-723779.658900175,-811991.929902199,-925074.711457575,24767.035513771,-437184.661305902,-34826.4735969864,5700408.02988906,2014,"Quincy Pondexter",2225479,1680102.280417,545376.719582999,2,4
"220",-187098.709093353,-631766.518364559,-879936.476202273,-1024773.26332278,-58629.6979563668,-474154.415881023,-25596.6001417064,5700408.02988906,2015,"Ramon Sessions",2077000,2418452.348927,-341452.348927001,2,3
"221",-1418186.13128031,-798088.832999678,-1372126.99497209,1514284.27764561,112452.431568453,-77593.6291591498,299629.530938102,5700408.02988906,2014,"Randy Foye",3000000,3960778.68163,-960778.681630002,2,5
"222",-1152716.33498371,-798191.958800175,-845923.675618484,-925074.711457575,24767.035513771,-355379.451195902,-34826.4735969864,5700408.02988906,2017,"Reggie Bullock",2255644,1613062.45975,642581.540249999,2,4
"223",1734219.69904629,3843280.43934614,-1227840.08665849,1369140.12193907,730724.755066618,-1773461.58579761,199918.505668926,5700408.02988906,2016,"Reggie Jackson",13913044,10576389.8785,3336654.1215,4,9
"224",342101.999356267,-867240.8588482,1181936.96004984,1011674.84752452,-956727.228501213,448005.891166563,244326.337863163,5700408.02988906,2016,"Ricky Rubio",12700000,7104485.9785,5595514.0215,4,9
"225",-1128515.20441834,-803755.993911027,-860070.574669854,-1062842.19626664,72582.6703778687,-437184.661305902,-29518.6695751682,5700408.02988906,2014,"Robert Covington",490180,1451103.40012,-960923.400120001,1,1
"226",-1069844.00779554,-771833.867403705,-802652.752356043,-913372.87712612,80348.2823118479,-117286.440629565,-43824.5707629375,5700408.02988906,2014,"Robert Sacre",788872,2061941.796127,-1273069.796127,1,1
"227",-1387642.9097016,-896446.603035681,-466881.295119117,1464234.38429916,133456.068482104,735477.704600384,-15293.9038643162,5700408.02988906,2014,"Robin Lopez",5904261,5267311.47555,636949.524449999,3,7
"228",-1069844.00779554,-617391.944650088,-804863.119370938,-913372.87712612,-262659.938645459,280981.705220616,-56795.1270945335,5700408.02988906,2017,"Rondae Hollis-Jefferson",1395600,2256462.720427,-860862.720427,1,2
"229",-1010424.84564424,-896446.603035681,-76449.9863709131,106959.210416724,133456.068482104,1224524.96708049,101666.798202458,5700408.02988906,2014,"Roy Hibbert",14283844,5283693.63902,9000150.36098,4,9
"230",1216225.72291163,-845401.496492922,539284.147293814,-347674.257532651,530828.882809437,-35929.1599887703,-15188.9136896002,5700408.02988906,2016,"Roy Hibbert",15592217,6742552.9552,8849664.0448,4,10
"231",-662250.466486856,3180103.2961424,4527463.74270717,1357417.94770417,-1379612.54828361,1271257.55011347,-254753.181085813,5700408.02988906,2014,"Russell Westbrook",14693906,13740034.3707,953871.6293,4,9
"232",873540.097339883,3049970.1679424,3679628.91964346,2444305.17162603,-1885397.87158272,794009.54197765,318236.121164237,5700408.02988906,2016,"Russell Westbrook",16744218,14974700.178,1769517.822,4,10
"233",-1437381.28554536,-750556.615417005,166960.17267165,-936958.952911485,80348.2823118479,56264.7491842318,-43824.5707629375,5700408.02988906,2017,"Sam Dekker",1720560,2835259.80942,-1114699.80942,1,3
"234",-949119.868685884,2510554.50159355,1121343.94052205,2302133.99315681,1224624.86139235,1629257.93246257,-130179.83261051,5700408.02988906,2014,"Serge Ibaka",12350000,13409023.55772,-1059023.55772,4,9
"235",2803556.01105953,2442784.62222536,1733208.52276876,2016243.05567069,1815626.70941327,1645828.57864649,-724540.581823158,5700408.02988906,2017,"Serge Ibaka",12250000,17433114.94785,-5183114.94785,4,9
"236",-1088014.21925762,-803755.993911027,-826138.828953568,-1062842.19626664,72582.6703778687,-437184.661305902,-29518.6695751682,5700408.02988906,2014,"Shabazz Muhammad",1887120,1525536.130997,361583.869003,2,3
"237",-195712.382907529,-684901.566277859,272192.82937116,-1166671.73710077,-50149.1168832899,-859877.332048612,35092.8691778435,5700408.02988906,2015,"Shaun Livingston",5305000,3050381.59322,2254618.40678,3,7
"238",-1243930.10543377,-805996.328006589,-821747.89071032,1465907.00614225,-239667.069821587,520255.206827679,28679.9376632753,5700408.02988906,2014,"Shawn Marion",9316796,4603908.78655,4712887.21345,4,8
"239",-1088014.21925762,-803755.993911027,-826138.828953568,-1062842.19626664,72582.6703778687,-437184.661305902,-29518.6695751682,5700408.02988906,2014,"Solomon Hill",1246680,1525536.130997,-278856.130997,1,2
"240",-1026659.29616269,-726260.087879678,-985839.838994222,132217.90804518,126612.560360535,-154196.964468245,-117564.585462937,5700408.02988906,2015,"Solomon Hill",1302840,2948717.725327,-1645877.725327,1,2
"241",-1128515.20441834,-777397.902514556,-1011508.53597985,-1030240.33113723,72582.6703778687,-437184.661305902,-75103.8058010506,5700408.02988906,2016,"Spencer Dinwiddie",845059,1313040.25911,-467981.259110001,1,1
"242",-132414.151255355,-1052250.31099156,3054.34029841303,-1054949.56472445,74716.6871403913,-729912.808821339,35092.8691778435,5700408.02988906,2015,"Steve Blake",2077000,2843745.090713,-766745.090713001,2,3
"243",3842201.5581891,-1075266.30409577,55920.4065331141,-603607.843220376,798429.574476219,1368301.84818084,-260840.248952184,5700408.02988906,2017,"Taj Gibson",8950000,9825547.021,-875547.021,4,8
"244",-1137569.55571812,-1135478.56420929,-118184.835522149,-262186.952147715,71618.4345797995,1193049.68684596,101666.798202458,5700408.02988906,2014,"Terrence Jones",1551840,4413323.04192,-2861483.04192,1,3
"245",-330822.391724131,-1135478.56420929,42930.5381581078,-210868.109914487,136611.734697231,1814423.70676711,240119.549356406,5700408.02988906,2015,"Terrence Jones",1618680,6257324.49302,-4638644.49302,1,3
"246",1279523.95456381,-765371.873639305,405170.072719585,-1141466.39618969,35466.395216138,-225831.239269994,-15188.9136896002,5700408.02988906,2016,"Terrence Jones",2489530,5272710.0296,-2783180.0296,2,4
"247",1196834.44591263,-373750.195637092,460947.068289715,-358887.781973965,-41701.3335172563,-802126.339239439,-6190.8165236492,5700408.02988906,2016,"Terrence Ross",3553917,5775533.0772,-2221616.0772,2,5
"248",188244.699328992,-862877.921843994,-1120593.26813642,1540811.92416085,-89470.6136243607,-24080.6044656264,29850.0817215012,5700408.02988906,2015,"Thaddeus Young",9410869,5362292.32703,4048576.67297,4,8
"249",4171179.57074635,-884138.920785032,-1709307.87816746,592579.677434375,-303046.083951448,779733.195865896,-231701.247511737,5700408.02988906,2017,"Thaddeus Young",14153652,8115706.34352,6037945.65648,4,9
"250",-1088014.21925762,-803755.993911027,-826138.828953568,-1062842.19626664,72582.6703778687,-355379.451195902,-29518.6695751682,5700408.02988906,2017,"Thon Maker",2568600,1607341.341107,961258.658893,2,4
"251",-1079699.25223811,-777397.902514556,-810087.003624997,-1220449.81598138,-21730.7370892196,-366844.98847951,104044.974945714,5700408.02988906,2016,"Tim Frazier",845059,1528243.304907,-683184.304907,1,1
"252",-147738.596754067,-658124.609761029,-894074.545197789,-985478.041600666,79138.1808357148,-596747.242628184,-21693.522443039,5700408.02988906,2016,"Tim Hardaway Jr.",1304520,2475689.65234,-1171169.65234,1,2
"253",1949046.51723718,2323609.54684348,-967527.871825756,1877984.71217429,1388594.23315762,2045114.1305829,190514.070041211,5700408.02988906,2016,"Tobias Harris",16000000,14507743.3681,1492256.6319,4,10
"254",-245148.795115721,-604871.943424242,214399.972856542,-557084.922678258,47284.1116733352,338099.865502131,-40769.1455828466,5700408.02988906,2015,"Tony Allen",4831461,4852317.17312,-20856.1731200004,3,6
"255",1216225.72291163,-765371.873639305,518238.423084137,-347674.257532651,102413.81715213,-16754.5738438066,-28159.4700211963,5700408.02988906,2016,"Tony Allen",5158539,6379325.818,-1220786.818,3,6
"256",-850125.852664859,2916921.47577735,3419737.87251131,787245.744536853,841492.805739664,-2696749.31406241,775135.411843032,5700408.02988906,2014,"Tony Parker",12500000,10894066.17357,1605933.82643,4,9
"257",678742.346173365,-723178.655761382,3070727.06451453,321305.486392877,56284.3325989062,-1992785.15836391,653554.196706549,5700408.02988906,2016,"Tony Parker",13437500,7765057.64215,5672442.35785,4,9
"258",-1112215.34982299,-798191.958800175,-811991.929902199,-925074.711457575,24767.035513771,-437184.661305902,-34826.4735969864,5700408.02988906,2014,"Tony Snell",1409040,1605689.980517,-196649.980517001,1,2
"259",924302.995440303,-785345.54130938,-1202587.57583159,392947.415424014,1137.45665812471,-236257.830573931,-15188.9136896002,5700408.02988906,2017,"Tony Snell",2368327,4779416.036007,-2411089.036007,2,4
"260",-623432.020196816,-651352.647943651,1791887.30087066,-285941.012268746,393928.5446685,1331986.5520062,-1413913.49248521,5700408.02988906,2015,"Tristan Thompson",5138430,6243571.25454,-1105141.25454,3,6
"261",-1088014.21925762,-803755.993911027,-826138.828953568,-1062842.19626664,72582.6703778687,-437184.661305902,-29518.6695751682,5700408.02988906,2016,"Troy Daniels",947276,1525536.130997,-578260.130997,1,2
"262",-1522523.53401392,2517613.32822818,-1040428.07794527,824411.238202441,-23156.2713124337,-1114542.99075435,39065.3233062931,5700408.02988906,2014,"Ty Lawson",10786517,5380847.0456,5405669.9544,4,9
"263",1133536.21426045,-845401.496492922,545360.625067846,-1371868.84114574,-165869.748722327,-959936.849553598,50595.5750972334,5700408.02988906,2016,"Ty Lawson",211744,4086823.5084,-3875079.5084,1,1
"264",-1079699.25223811,-777397.902514556,-810087.003624997,-1030240.33113723,-16051.1893702149,-437184.661305902,-148843.820501051,5700408.02988906,2015,"Tyler Ennis",1590720,1400903.869197,189816.130802999,1,3
"265",-987891.498002465,-777397.902514556,-798802.261110027,-1030240.33113723,-16051.1893702149,-445699.23125652,-75103.8058010506,5700408.02988906,2017,"Tyler Ennis",1733880,1569221.810697,164658.189303,1,3
"266",1203861.35822316,-797830.483690473,-1021785.74971593,-1594302.56358971,207515.031110172,-461555.821829677,-15188.9136896002,5700408.02988906,2016,"Tyler Zeller",2616975,3221120.886707,-604145.886707,2,4
"267",3729649.1070149,-2543574.72820566,-1095717.25820742,-1872095.625708,704256.096994253,-1285072.15057828,144374.024594143,5700408.02988906,2017,"Tyler Zeller",8000000,3482227.495793,4517772.504207,3,8
"268",-633637.377339163,-583589.839240948,2757763.1713379,1492821.34121685,952647.113877247,-93637.6877498557,25621.1538489101,5700408.02988906,2015,"Tyson Chandler",14846888,9618395.90584,5228492.09416,4,10
"269",1480197.77792751,141494.100756842,1839146.05183954,-655168.448407608,850817.297586483,2514778.25100672,-237864.072698545,5700408.02988906,2016,"Tyson Chandler",13000000,11633808.9879,1366191.0121,4,9
"270",4235191.93948242,-489837.291237255,1733465.05565531,416670.092940063,716309.594916063,1098030.2922207,-879943.489366358,5700408.02988906,2017,"Tyson Chandler",12415000,12530294.2245,-115294.2245,4,9
"271",-573045.641502412,2187310.62992555,-1150132.67478684,1985040.39492372,-716259.667288538,1039896.73333575,237723.851323713,5700408.02988906,2016,"Victor Oladipo",5192520,8710941.65582,-3518421.65582,3,6
"272",1142149.88807463,-320615.147723791,-889263.422404271,-335301.7061886,-41701.3335172563,-546367.946299122,-6190.8165236492,5700408.02988906,2017,"Wayne Ellington",6000000,4703117.545307,1296882.454693,3,7
"273",-339969.147596668,-703038.79316235,-1073949.68049143,183536.750278408,55736.94340616,-96856.4840871849,-30691.6196089901,5700408.02988906,2015,"Wesley Johnson",915243,3695175.998627,-2779932.998627,1,2
"274",3624326.19143442,-2543574.72820566,-1079665.43287885,-1872095.625708,525580.307787836,-533304.363419948,144374.024594143,5700408.02988906,2017,"Wesley Johnson",5628000,3966048.403493,1661951.596507,3,7
"275",-421303.843453398,2420718.82190202,-1098398.59305617,2429575.30364248,-438659.413655698,-1472357.86727027,-469023.292478015,5700408.02988906,2015,"Wesley Matthews",7245640,6650959.14552,594680.854479997,3,7
"276",-651126.779216164,452572.429751716,-1094973.5459535,317747.275755826,55736.94340616,336978.833105893,-104431.63430899,5700408.02988906,2016,"Will Barton",3533333,5012911.55243,-1479578.55243,2,5
"277",-936088.967109714,-670526.992563388,222094.863881403,-936958.952911485,64774.9264582309,426843.738938832,-43824.5707629375,5700408.02988906,2017,"Willie Cauley-Stein",3551160,3826722.07582,-275562.075820001,2,5
"278",-421303.843453398,2713465.70571026,-1299033.7213734,718308.920640318,-174825.648437976,-1338634.45987027,186613.564245411,5700408.02988906,2017,"Zach LaVine",2240880,6084998.54735,-3844118.54735,2,4
"279",2279231.49916269,2413879.85933222,-461507.362926022,307687.222782223,1099662.80505589,2621503.54878906,116924.417964878,5700408.02988906,2016,"Zach Randolph",9638555,14077790.02005,-4439235.02005,4,8
"280",-962425.005169137,-906744.378715993,-95024.4866913442,-608403.764911485,-35127.4248033076,878537.873985521,-8405.72914331403,5700408.02988906,2014,"Zaza Pachulia",5200000,3962815.11444,1237184.88556,3,6
"281",1523909.93623236,-1003670.03006823,393128.518034619,-443279.041611907,-370091.462484787,2755130.70016308,149367.554415795,5700408.02988906,2016,"Zaza Pachulia",5200000,8704904.20457,-3504904.20457,3,6
"282",3842201.5581891,-461275.752516408,-62722.1255635104,-1338470.47747831,-472710.094920427,846469.638830634,275299.926289859,5700408.02988906,2017,"Zaza Pachulia",2898000,8329200.70272,-5431200.70272,2,5
